지표,상관계수,p-value,통계적유의성
노후건물비율 vs 화재율,0.4711963946768674,0.017426386561982154,Yes
